Id,Category_Id,Brand_Name,Category_Name,Name,Sku,Product_Id,Unit,PackageInfo_PackageUnit,PackageInfo_PackageSize,item_volume_info,Media_Images,Media_MainImage,Media_ListImage
172846,12013,Łowicz,Pieczeniowe,Łowicz - Żurawina do mięs i serów,170590,172846,szt.,kg,0.23,230 g,"https://ecomplmvpprodwebblob0.blob.core.windows.net/zakupymvp/cache/product_medium/product/23706201/00.jpg,https://ecomplmvpprodwebblob0.blob.core.windows.net/zakupymvp/cache/product_medium/product/23706204/03.jpg",https://ecomplmvpprodwebblob0.blob.core.windows.net/zakupymvp/cache/product_medium/product/23706201/00.jpg,https://ecomplmvpprodwebblob0.blob.core.windows.net/zakupymvp/cache/product_list/product/23706201/00.jpg
172846,12013,Łowicz,Pieczeniowe,Łowicz - Żurawina do mięs i serów,170590,172846,szt.,kg,0.23,230 g,"https://ecomplmvpprodwebblob0.blob.core.windows.net/zakupymvp/cache/product_medium/product/23706201/00.jpg,https://ecomplmvpprodwebblob0.blob.core.windows.net/zakupymvp/cache/product_medium/product/23706204/03.jpg",https://ecomplmvpprodwebblob0.blob.core.windows.net/zakupymvp/cache/product_medium/product/23706201/00.jpg,https://ecomplmvpprodwebblob0.blob.core.windows.net/zakupymvp/cache/product_list/product/23706201/00.jpg
177748,12013,Rolnik,Pieczeniowe,Rolnik - Żurawina cała,308755,177748,szt.,kg,0.3,300 g,"https://ecomplmvpprodwebblob0.blob.core.windows.net/zakupymvp/cache/product_medium/product/21800812/00.jpg,https://ecomplmvpprodwebblob0.blob.core.windows.net/zakupymvp/cache/product_medium/product/21800818/01.jpg",https://ecomplmvpprodwebblob0.blob.core.windows.net/zakupymvp/cache/product_medium/product/21800812/00.jpg,https://ecomplmvpprodwebblob0.blob.core.windows.net/zakupymvp/cache/product_list/product/21800812/00.jpg
235567,19897,Fungopol,Żurawina,Fungopol - Żurwina z jabłkiem,227786,235567,szt.,kg,0.2,200 g,https://ecomplmvpprodwebblob0.blob.core.windows.net/zakupymvp/cache/product_medium/product/23414364/05.jpg,https://ecomplmvpprodwebblob0.blob.core.windows.net/zakupymvp/cache/product_medium/product/23414364/05.jpg,https://ecomplmvpprodwebblob0.blob.core.windows.net/zakupymvp/cache/product_list/product/23414364/05.jpg
226454,11989,Auchan,Chrzan,Auchan - Chrzan ze śmietaną,381958,226454,szt.,kg,0.17,165 g ,https://ecomplmvpprodwebblob0.blob.core.windows.net/zakupymvp/cache/product_medium/product/21826810/01.jpg,https://ecomplmvpprodwebblob0.blob.core.windows.net/zakupymvp/cache/product_medium/product/21826810/01.jpg,https://ecomplmvpprodwebblob0.blob.core.windows.net/zakupymvp/cache/product_list/product/21826810/01.jpg
174985,11989,Mosso,Chrzan,Mosso - Chrzan delikatesowy,222306,174985,szt.,kg,0.2,200 g,"https://ecomplmvpprodwebblob0.blob.core.windows.net/zakupymvp/cache/product_medium/product/21771724/00.jpg,https://ecomplmvpprodwebblob0.blob.core.windows.net/zakupymvp/cache/product_medium/product/21771730/01.jpg",https://ecomplmvpprodwebblob0.blob.core.windows.net/zakupymvp/cache/product_medium/product/21771724/00.jpg,https://ecomplmvpprodwebblob0.blob.core.windows.net/zakupymvp/cache/product_list/product/21771724/00.jpg
174409,11989,Rolnik,Chrzan,Rolnik - Chrzan tarty,212114,174409,szt.,kg,0.19,200 ml,"https://ecomplmvpprodwebblob0.blob.core.windows.net/zakupymvp/cache/product_medium/product/23780622/00.jpg,https://ecomplmvpprodwebblob0.blob.core.windows.net/zakupymvp/cache/product_medium/product/23780625/01.jpg",https://ecomplmvpprodwebblob0.blob.core.windows.net/zakupymvp/cache/product_medium/product/23780622/00.jpg,https://ecomplmvpprodwebblob0.blob.core.windows.net/zakupymvp/cache/product_list/product/23780622/00.jpg
170989,11989,Provitus,Chrzan,Provitus - Chrzan z jabłkiem,106483,170989,szt.,kg,0.17,170 g,"https://ecomplmvpprodwebblob0.blob.core.windows.net/zakupymvp/cache/product_medium/product/22019347/00.jpg,https://ecomplmvpprodwebblob0.blob.core.windows.net/zakupymvp/cache/product_medium/product/22019353/01.jpg",https://ecomplmvpprodwebblob0.blob.core.windows.net/zakupymvp/cache/product_medium/product/22019347/00.jpg,https://ecomplmvpprodwebblob0.blob.core.windows.net/zakupymvp/cache/product_list/product/22019347/00.jpg
170899,11989,Provitus,Chrzan,Provitus - Chrzan z żurawiną,104655,170899,szt.,kg,0.17,180 g,"https://ecomplmvpprodwebblob0.blob.core.windows.net/zakupymvp/cache/product_medium/product/22018879/00.jpg,https://ecomplmvpprodwebblob0.blob.core.windows.net/zakupymvp/cache/product_medium/product/22018885/01.jpg",https://ecomplmvpprodwebblob0.blob.core.windows.net/zakupymvp/cache/product_medium/product/22018879/00.jpg,https://ecomplmvpprodwebblob0.blob.core.windows.net/zakupymvp/cache/product_list/product/22018879/00.jpg
209249,11989,Urbanek,Chrzan,Urbanek - Chrzan tarty,264465,209249,szt.,kg,0.18,180 g,"https://ecomplmvpprodwebblob0.blob.core.windows.net/zakupymvp/cache/product_medium/product/23713536/00.jpg,https://ecomplmvpprodwebblob0.blob.core.windows.net/zakupymvp/cache/product_medium/product/23713539/01.jpg",https://ecomplmvpprodwebblob0.blob.core.windows.net/zakupymvp/cache/product_medium/product/23713536/00.jpg,https://ecomplmvpprodwebblob0.blob.core.windows.net/zakupymvp/cache/product_list/product/23713536/00.jpg
207902,11989,Krakus,Chrzan,Krakus - Chrzan,941051,207902,szt.,kg,0.18,190 g,"https://ecomplmvpprodwebblob0.blob.core.windows.net/zakupymvp/cache/product_medium/product/23764818/00.jpg,https://ecomplmvpprodwebblob0.blob.core.windows.net/zakupymvp/cache/product_medium/product/23764821/01.jpg",https://ecomplmvpprodwebblob0.blob.core.windows.net/zakupymvp/cache/product_medium/product/23764818/00.jpg,https://ecomplmvpprodwebblob0.blob.core.windows.net/zakupymvp/cache/product_list/product/23764818/00.jpg
289831,11989,Polonaise,Chrzan,Polonaise - Chrzan tarty,212934,289831,szt.,kg,0.18,180 g,"https://ecomplmvpprodwebblob0.blob.core.windows.net/zakupymvp/cache/product_medium/product/23710545/00.jpg,https://ecomplmvpprodwebblob0.blob.core.windows.net/zakupymvp/cache/product_medium/product/23710548/01.jpg,https://ecomplmvpprodwebblob0.blob.core.windows.net/zakupymvp/cache/product_medium/product/23710551/1.jpg,https://ecomplmvpprodwebblob0.blob.core.windows.net/zakupymvp/cache/product_medium/product/23710554/2.jpg",https://ecomplmvpprodwebblob0.blob.core.windows.net/zakupymvp/cache/product_medium/product/23710545/00.jpg,https://ecomplmvpprodwebblob0.blob.core.windows.net/zakupymvp/cache/product_list/product/23710545/00.jpg
171493,11989,Motyl,Chrzan,Motyl - Krem chrzanowy: sos gęsty,12167,171493,szt.,kg,0.185,185 g,"https://ecomplmvpprodwebblob0.blob.core.windows.net/zakupymvp/cache/product_medium/product/23558958/00.jpg,https://ecomplmvpprodwebblob0.blob.core.windows.net/zakupymvp/cache/product_medium/product/23558961/01.jpg",https://ecomplmvpprodwebblob0.blob.core.windows.net/zakupymvp/cache/product_medium/product/23558958/00.jpg,https://ecomplmvpprodwebblob0.blob.core.windows.net/zakupymvp/cache/product_list/product/23558958/00.jpg
171487,11989,Motyl,Chrzan,Motyl - Chrzan tarty,12158,171487,szt.,kg,0.29,290 ml,"https://ecomplmvpprodwebblob0.blob.core.windows.net/zakupymvp/cache/product_medium/product/23702040/00.jpg,https://ecomplmvpprodwebblob0.blob.core.windows.net/zakupymvp/cache/product_medium/product/23702043/01.jpg",https://ecomplmvpprodwebblob0.blob.core.windows.net/zakupymvp/cache/product_medium/product/23702040/00.jpg,https://ecomplmvpprodwebblob0.blob.core.windows.net/zakupymvp/cache/product_list/product/23702040/00.jpg
200000,11989,Veres,Chrzan,Veres - Chrzan ostry,580730,200000,szt.,kg,0.19,190 g,https://ecomplmvpprodwebblob0.blob.core.windows.net/zakupymvp/cache/product_medium/product/23114571/01.jpg,https://ecomplmvpprodwebblob0.blob.core.windows.net/zakupymvp/cache/product_medium/product/23114571/01.jpg,https://ecomplmvpprodwebblob0.blob.core.windows.net/zakupymvp/cache/product_list/product/23114571/01.jpg
289393,11989,Delisso,Chrzan,Delisso - Chrzan Winnicka z burakiem,425556,289393,szt.,kg,0.2,200 g,https://ecomplmvpprodwebblob0.blob.core.windows.net/zakupymvp/cache/product_medium/product/21837331/00.jpg,https://ecomplmvpprodwebblob0.blob.core.windows.net/zakupymvp/cache/product_medium/product/21837331/00.jpg,https://ecomplmvpprodwebblob0.blob.core.windows.net/zakupymvp/cache/product_list/product/21837331/00.jpg
179530,11989,Z Babcinej spiżarni,Chrzan,Z Babcinej spiżarni - Chrzan tarty premium,366001,179530,szt.,kg,0.29,290 g,https://ecomplmvpprodwebblob0.blob.core.windows.net/zakupymvp/cache/product_medium/product/21821956/01.jpg,https://ecomplmvpprodwebblob0.blob.core.windows.net/zakupymvp/cache/product_medium/product/21821956/01.jpg,https://ecomplmvpprodwebblob0.blob.core.windows.net/zakupymvp/cache/product_list/product/21821956/01.jpg
176488,11992,Auchan,Ćwikła,Auchan - Buraki ćwikłowe z chrzanem. tarte,270089,176488,szt.,kg,0.3,300 g,https://ecomplmvpprodwebblob0.blob.core.windows.net/zakupymvp/cache/product_medium/product/21787480/01.jpg,https://ecomplmvpprodwebblob0.blob.core.windows.net/zakupymvp/cache/product_medium/product/21787480/01.jpg,https://ecomplmvpprodwebblob0.blob.core.windows.net/zakupymvp/cache/product_list/product/21787480/01.jpg
177412,11992,Smak,Ćwikła,Smak - Ćwikła z chrzanem,298697,177412,szt.,kg,0.29,300 g,"https://ecomplmvpprodwebblob0.blob.core.windows.net/zakupymvp/cache/product_medium/product/23715690/00.jpg,https://ecomplmvpprodwebblob0.blob.core.windows.net/zakupymvp/cache/product_medium/product/23715693/01.jpg",https://ecomplmvpprodwebblob0.blob.core.windows.net/zakupymvp/cache/product_medium/product/23715690/00.jpg,https://ecomplmvpprodwebblob0.blob.core.windows.net/zakupymvp/cache/product_list/product/23715690/00.jpg
176206,11992,Urbanek,Ćwikła,Urbanek - Ćwikła z chrzanem,264466,176206,szt.,kg,0.27,270 g,"https://ecomplmvpprodwebblob0.blob.core.windows.net/zakupymvp/cache/product_medium/product/23713542/00.jpg,https://ecomplmvpprodwebblob0.blob.core.windows.net/zakupymvp/cache/product_medium/product/23713545/01.jpg",https://ecomplmvpprodwebblob0.blob.core.windows.net/zakupymvp/cache/product_medium/product/23713542/00.jpg,https://ecomplmvpprodwebblob0.blob.core.windows.net/zakupymvp/cache/product_list/product/23713542/00.jpg
235663,11992,Z Babcinej spiżarni,Ćwikła,Z Babcinej spiżarni - Ćwikła  buraczki z chrzanem,365992,235663,szt.,kg,0.29,315 ml,https://ecomplmvpprodwebblob0.blob.core.windows.net/zakupymvp/cache/product_medium/product/21821950/01.jpg,https://ecomplmvpprodwebblob0.blob.core.windows.net/zakupymvp/cache/product_medium/product/21821950/01.jpg,https://ecomplmvpprodwebblob0.blob.core.windows.net/zakupymvp/cache/product_list/product/21821950/01.jpg
249406,11992,Farma Świętokrzyska,Ćwikła,Farma Świętokrzyska - BIO Ćwikła z chrzanem ostra bez glutenu,560505,249406,szt.,kg,0.16,160 g,https://ecomplmvpprodwebblob0.blob.core.windows.net/zakupymvp/cache/product_medium/product/22598262/05.jpg,https://ecomplmvpprodwebblob0.blob.core.windows.net/zakupymvp/cache/product_medium/product/22598262/05.jpg,https://ecomplmvpprodwebblob0.blob.core.windows.net/zakupymvp/cache/product_list/product/22598262/05.jpg
198926,11998,Prymat,W proszku,Prymat - Sos sałatkowy francuski Vinaigrette  ,530313,198926,szt.,kg,0.009,9 g,https://ecomplmvpprodwebblob0.blob.core.windows.net/zakupymvp/cache/product_medium/product/23803728/00.jpg,https://ecomplmvpprodwebblob0.blob.core.windows.net/zakupymvp/cache/product_medium/product/23803728/00.jpg,https://ecomplmvpprodwebblob0.blob.core.windows.net/zakupymvp/cache/product_list/product/23803728/00.jpg
198932,11998,Prymat,W proszku,Prymat - Sos sałatkowy koperkowo-ziołowy (typu polskiego) w proszku,530315,198932,szt.,kg,0.009,9 g,https://ecomplmvpprodwebblob0.blob.core.windows.net/zakupymvp/cache/product_medium/product/23803734/00.jpg,https://ecomplmvpprodwebblob0.blob.core.windows.net/zakupymvp/cache/product_medium/product/23803734/00.jpg,https://ecomplmvpprodwebblob0.blob.core.windows.net/zakupymvp/cache/product_list/product/23803734/00.jpg
198935,11998,Prymat,W proszku,Prymat - Sos sałatkowy typu greckiego (ziołowo-czosnkowy) w proszku,530317,198935,szt.,kg,0.009,9 g,https://ecomplmvpprodwebblob0.blob.core.windows.net/zakupymvp/cache/product_medium/product/23803737/00.jpg,https://ecomplmvpprodwebblob0.blob.core.windows.net/zakupymvp/cache/product_medium/product/23803737/00.jpg,https://ecomplmvpprodwebblob0.blob.core.windows.net/zakupymvp/cache/product_list/product/23803737/00.jpg
198929,11998,Prymat,W proszku,Prymat - Sos sałatkowy typu włoskiego z bazylią i oregano ,530314,198929,szt.,kg,0.009,9 g,https://ecomplmvpprodwebblob0.blob.core.windows.net/zakupymvp/cache/product_medium/product/23803731/00.jpg,https://ecomplmvpprodwebblob0.blob.core.windows.net/zakupymvp/cache/product_medium/product/23803731/00.jpg,https://ecomplmvpprodwebblob0.blob.core.windows.net/zakupymvp/cache/product_list/product/23803731/00.jpg
173962,11998,Knorr,W proszku,Knorr - Sos sałatkowy francuski,196640,173962,szt.,kg,0.008,9 g,https://ecomplmvpprodwebblob0.blob.core.windows.net/zakupymvp/cache/product_medium/product/21758698/00.jpg,https://ecomplmvpprodwebblob0.blob.core.windows.net/zakupymvp/cache/product_medium/product/21758698/00.jpg,https://ecomplmvpprodwebblob0.blob.core.windows.net/zakupymvp/cache/product_list/product/21758698/00.jpg
225461,11998,Knorr,W proszku,Knorr - Sos sałatkowy grecki ,196639,225461,szt.,kg,0.009,9 g ,https://ecomplmvpprodwebblob0.blob.core.windows.net/zakupymvp/cache/product_medium/product/21758689/00.jpg,https://ecomplmvpprodwebblob0.blob.core.windows.net/zakupymvp/cache/product_medium/product/21758689/00.jpg,https://ecomplmvpprodwebblob0.blob.core.windows.net/zakupymvp/cache/product_list/product/21758689/00.jpg
201452,11998,Knorr,W proszku,Knorr - Sos Sałatkowy Paprykowo-ziołowy,64151,201452,szt.,kg,0.009,9 g,,https://ecomplmvpprodwebblob0.blob.core.windows.net/zakupymvp/cache/product_medium/product/21758689/00.jpg,https://ecomplmvpprodwebblob0.blob.core.windows.net/zakupymvp/cache/product_list/product/21758689/00.jpg
177196,11998,Kotányi,W proszku,Kotányi - Mieszanka przypraw Sałatka Grecka,294991,177196,szt.,kg,0.02,20 g,https://ecomplmvpprodwebblob0.blob.core.windows.net/zakupymvp/cache/product_medium/product/23785653/01.jpg,https://ecomplmvpprodwebblob0.blob.core.windows.net/zakupymvp/cache/product_medium/product/23785653/01.jpg,https://ecomplmvpprodwebblob0.blob.core.windows.net/zakupymvp/cache/product_list/product/23785653/01.jpg
177193,11998,Kotányi,W proszku,Kotányi - Przyprawa do sosu Tzatziki,294990,177193,szt.,kg,0.02,20 g,https://ecomplmvpprodwebblob0.blob.core.windows.net/zakupymvp/cache/product_medium/product/22661325/01.jpg,https://ecomplmvpprodwebblob0.blob.core.windows.net/zakupymvp/cache/product_medium/product/22661325/01.jpg,https://ecomplmvpprodwebblob0.blob.core.windows.net/zakupymvp/cache/product_list/product/22661325/01.jpg
171085,11998,Kamis,W proszku,Kamis - Zioła do sałatek z dodatkiem warzyw,10862,171085,szt.,kg,0.01,10 g,https://ecomplmvpprodwebblob0.blob.core.windows.net/zakupymvp/cache/product_medium/product/23481453/00.jpg,https://ecomplmvpprodwebblob0.blob.core.windows.net/zakupymvp/cache/product_medium/product/23481453/00.jpg,https://ecomplmvpprodwebblob0.blob.core.windows.net/zakupymvp/cache/product_list/product/23481453/00.jpg
175048,12001,Prymat,Dressingi,Prymat - Tzatziki czosnkowa przyprawa do sosu - suszona mieszanka przyprawowa,224659,175048,szt.,kg,0.02,20 g,https://ecomplmvpprodwebblob0.blob.core.windows.net/zakupymvp/cache/product_medium/product/23781567/00.jpg,https://ecomplmvpprodwebblob0.blob.core.windows.net/zakupymvp/cache/product_medium/product/23781567/00.jpg,https://ecomplmvpprodwebblob0.blob.core.windows.net/zakupymvp/cache/product_list/product/23781567/00.jpg
173518,12001,Develey,Dressingi,Develey - Sos 1000 wysp,18742,173518,szt.,l,0.2,200 ml,https://ecomplmvpprodwebblob0.blob.core.windows.net/zakupymvp/cache/product_medium/product/23778075/01.jpg,https://ecomplmvpprodwebblob0.blob.core.windows.net/zakupymvp/cache/product_medium/product/23778075/01.jpg,https://ecomplmvpprodwebblob0.blob.core.windows.net/zakupymvp/cache/product_list/product/23778075/01.jpg
207818,12001,Develey,Dressingi,Develey - Sos sałatkowy czosnkowy,938515,207818,szt.,l,0.2,200 ml,https://ecomplmvpprodwebblob0.blob.core.windows.net/zakupymvp/cache/product_medium/product/23834754/00.jpg,https://ecomplmvpprodwebblob0.blob.core.windows.net/zakupymvp/cache/product_medium/product/23834754/00.jpg,https://ecomplmvpprodwebblob0.blob.core.windows.net/zakupymvp/cache/product_list/product/23834754/00.jpg
172360,12001,Develey,Dressingi,Develey - Sos sałatkowy Vinaigrette,14928,172360,szt.,l,0.2,200 ml,https://ecomplmvpprodwebblob0.blob.core.windows.net/zakupymvp/cache/product_medium/product/23774967/00.jpg,https://ecomplmvpprodwebblob0.blob.core.windows.net/zakupymvp/cache/product_medium/product/23774967/00.jpg,https://ecomplmvpprodwebblob0.blob.core.windows.net/zakupymvp/cache/product_list/product/23774967/00.jpg
174658,12001,Develey,Dressingi,Develey - Sos sałatkowy winegret,217459,174658,szt.,l,0.2,200 ml,https://ecomplmvpprodwebblob0.blob.core.windows.net/zakupymvp/cache/product_medium/product/23780874/00.jpg,https://ecomplmvpprodwebblob0.blob.core.windows.net/zakupymvp/cache/product_medium/product/23780874/00.jpg,https://ecomplmvpprodwebblob0.blob.core.windows.net/zakupymvp/cache/product_list/product/23780874/00.jpg
172135,12001,Firma Roleski,Dressingi,Firma Roleski - Sos Caesar,138003,172135,szt.,kg,0.315,315 g,https://ecomplmvpprodwebblob0.blob.core.windows.net/zakupymvp/cache/product_medium/product/23703564/00.jpg,https://ecomplmvpprodwebblob0.blob.core.windows.net/zakupymvp/cache/product_medium/product/23703564/00.jpg,https://ecomplmvpprodwebblob0.blob.core.windows.net/zakupymvp/cache/product_list/product/23703564/00.jpg
277139,12001,Schedro,Dressingi,Schedro - Sos słodko - kwaśny,351278,277139,szt.,kg,0.2,200 g,https://ecomplmvpprodwebblob0.blob.core.windows.net/zakupymvp/cache/product_medium/product/23097027/00.jpg,https://ecomplmvpprodwebblob0.blob.core.windows.net/zakupymvp/cache/product_medium/product/23097027/00.jpg,https://ecomplmvpprodwebblob0.blob.core.windows.net/zakupymvp/cache/product_list/product/23097027/00.jpg
205559,12001,Firma Roleski,Dressingi,Firma Roleski - Sos sezamowy,8369,205559,szt.,kg,0.3,300 g,https://ecomplmvpprodwebblob0.blob.core.windows.net/zakupymvp/cache/product_medium/product/23753769/00.jpg,https://ecomplmvpprodwebblob0.blob.core.windows.net/zakupymvp/cache/product_medium/product/23753769/00.jpg,https://ecomplmvpprodwebblob0.blob.core.windows.net/zakupymvp/cache/product_list/product/23753769/00.jpg
190480,12001,Kühne,Dressingi,Kühne - Dressing jogurtowy,441767,190480,szt.,l,0.25,250 ml,https://ecomplmvpprodwebblob0.blob.core.windows.net/zakupymvp/cache/product_medium/product/21840265/00.jpg,https://ecomplmvpprodwebblob0.blob.core.windows.net/zakupymvp/cache/product_medium/product/21840265/00.jpg,https://ecomplmvpprodwebblob0.blob.core.windows.net/zakupymvp/cache/product_list/product/21840265/00.jpg
204365,12001,Auchan,Dressingi,Auchan - Bruschetta w 3 smakach,748187,204365,szt.,kg,0.21,210 g,https://ecomplmvpprodwebblob0.blob.core.windows.net/zakupymvp/cache/product_medium/product/21893245/01.jpg,https://ecomplmvpprodwebblob0.blob.core.windows.net/zakupymvp/cache/product_medium/product/21893245/01.jpg,https://ecomplmvpprodwebblob0.blob.core.windows.net/zakupymvp/cache/product_list/product/21893245/01.jpg
203318,12001,Suree Brand,Dressingi,Suree Brand - Green Salad Dressing,698822,203318,szt.,l,0.295,295 ml,https://ecomplmvpprodwebblob0.blob.core.windows.net/zakupymvp/cache/product_medium/product/23123766/05.jpg,https://ecomplmvpprodwebblob0.blob.core.windows.net/zakupymvp/cache/product_medium/product/23123766/05.jpg,https://ecomplmvpprodwebblob0.blob.core.windows.net/zakupymvp/cache/product_list/product/23123766/05.jpg
171490,12004,Motyl,Tatarski,Motyl - Sos tatarski,12164,171490,szt.,kg,0.185,215 ml,"https://ecomplmvpprodwebblob0.blob.core.windows.net/zakupymvp/cache/product_medium/product/23702046/00.jpg,https://ecomplmvpprodwebblob0.blob.core.windows.net/zakupymvp/cache/product_medium/product/23702049/01.jpg",https://ecomplmvpprodwebblob0.blob.core.windows.net/zakupymvp/cache/product_medium/product/23702046/00.jpg,https://ecomplmvpprodwebblob0.blob.core.windows.net/zakupymvp/cache/product_list/product/23702046/00.jpg
200192,12004,Firma Roleski,Tatarski,Firma Roleski - Sos tatarski,589813,200192,szt.,l,0.24,240 ml,"https://ecomplmvpprodwebblob0.blob.core.windows.net/zakupymvp/cache/product_medium/product/23735811/00.jpg,https://ecomplmvpprodwebblob0.blob.core.windows.net/zakupymvp/cache/product_medium/product/23735814/01.jpg",https://ecomplmvpprodwebblob0.blob.core.windows.net/zakupymvp/cache/product_medium/product/23735811/00.jpg,https://ecomplmvpprodwebblob0.blob.core.windows.net/zakupymvp/cache/product_list/product/23735811/00.jpg
274709,12010,Winiary,Fix,Winiary - Pomysł na … kurczaka w sosie serowym,117867,274709,szt.,kg,0.028,28 g,https://ecomplmvpprodwebblob0.blob.core.windows.net/zakupymvp/cache/product_medium/product/23771715/00.jpg,https://ecomplmvpprodwebblob0.blob.core.windows.net/zakupymvp/cache/product_medium/product/23771715/00.jpg,https://ecomplmvpprodwebblob0.blob.core.windows.net/zakupymvp/cache/product_list/product/23771715/00.jpg
274712,12010,Winiary,Fix,Winiary - Pomysł na … makaron spagetti carbonara,117868,274712,szt.,kg,0.034,34 g,"https://ecomplmvpprodwebblob0.blob.core.windows.net/zakupymvp/cache/product_medium/product/22537107/01.jpg,https://ecomplmvpprodwebblob0.blob.core.windows.net/zakupymvp/cache/product_medium/product/22537110/20.jpg",https://ecomplmvpprodwebblob0.blob.core.windows.net/zakupymvp/cache/product_medium/product/22537107/01.jpg,https://ecomplmvpprodwebblob0.blob.core.windows.net/zakupymvp/cache/product_list/product/22537107/01.jpg
275462,12010,Winiary,Fix,Winiary - Pomysł na …zapiekanka ziemniaczana z kiełbasą i cebulką,701289,275462,szt.,kg,0.041,41 g,https://ecomplmvpprodwebblob0.blob.core.windows.net/zakupymvp/cache/product_medium/product/23814576/00.jpg,https://ecomplmvpprodwebblob0.blob.core.windows.net/zakupymvp/cache/product_medium/product/23814576/00.jpg,https://ecomplmvpprodwebblob0.blob.core.windows.net/zakupymvp/cache/product_list/product/23814576/00.jpg
203492,12010,Winiary,Fix,Winiary - Pomysł na …zapiekanka ziemniaczana z mięsem mielonym,701288,203492,szt.,kg,0.042,42 g,https://ecomplmvpprodwebblob0.blob.core.windows.net/zakupymvp/cache/product_medium/product/23814573/00.jpg,https://ecomplmvpprodwebblob0.blob.core.windows.net/zakupymvp/cache/product_medium/product/23814573/00.jpg,https://ecomplmvpprodwebblob0.blob.core.windows.net/zakupymvp/cache/product_list/product/23814573/00.jpg
275600,12010,Winiary,Fix,Winiary - Pomysł na… Chłopski garnek,824836,275600,szt.,kg,0.04,40 g,https://ecomplmvpprodwebblob0.blob.core.windows.net/zakupymvp/cache/product_medium/product/23822982/00.jpg,https://ecomplmvpprodwebblob0.blob.core.windows.net/zakupymvp/cache/product_medium/product/23822982/00.jpg,https://ecomplmvpprodwebblob0.blob.core.windows.net/zakupymvp/cache/product_list/product/23822982/00.jpg
198188,12010,Winiary,Fix,Winiary - Pomysł na... Rybę w sosie śmietanowo-koperkowym,500314,198188,szt.,kg,0.032,32 g,https://ecomplmvpprodwebblob0.blob.core.windows.net/zakupymvp/cache/product_medium/product/23801235/00.jpg,https://ecomplmvpprodwebblob0.blob.core.windows.net/zakupymvp/cache/product_medium/product/23801235/00.jpg,https://ecomplmvpprodwebblob0.blob.core.windows.net/zakupymvp/cache/product_list/product/23801235/00.jpg
275135,12010,Winiary,Fix,Winiary - Pomysł na…kurczaka w sosie śmietanowo - ziołowym,377930,275135,szt.,kg,0.03,30 g,https://ecomplmvpprodwebblob0.blob.core.windows.net/zakupymvp/cache/product_medium/product/23792667/00.jpg,https://ecomplmvpprodwebblob0.blob.core.windows.net/zakupymvp/cache/product_medium/product/23792667/00.jpg,https://ecomplmvpprodwebblob0.blob.core.windows.net/zakupymvp/cache/product_list/product/23792667/00.jpg
275129,12010,Winiary,Fix,Winiary - Pomysł na…kurczaka w sosie z pieczarkami,370309,275129,szt.,kg,0.032,32 g,https://ecomplmvpprodwebblob0.blob.core.windows.net/zakupymvp/cache/product_medium/product/23792145/00.jpg,https://ecomplmvpprodwebblob0.blob.core.windows.net/zakupymvp/cache/product_medium/product/23792145/00.jpg,https://ecomplmvpprodwebblob0.blob.core.windows.net/zakupymvp/cache/product_list/product/23792145/00.jpg
275006,12010,Winiary,Fix,Winiary - Pomysł na…kurczaka z mozzarellą,326834,275006,szt.,kg,0.035,35 g,https://ecomplmvpprodwebblob0.blob.core.windows.net/zakupymvp/cache/product_medium/product/23788287/00.jpg,https://ecomplmvpprodwebblob0.blob.core.windows.net/zakupymvp/cache/product_medium/product/23788287/00.jpg,https://ecomplmvpprodwebblob0.blob.core.windows.net/zakupymvp/cache/product_list/product/23788287/00.jpg
275003,12010,Winiary,Fix,Winiary - Pomysł na…makaron spaghetti 4 sery,326822,275003,szt.,kg,0.031,31 g,https://ecomplmvpprodwebblob0.blob.core.windows.net/zakupymvp/cache/product_medium/product/21808198/01.jpg,https://ecomplmvpprodwebblob0.blob.core.windows.net/zakupymvp/cache/product_medium/product/21808198/01.jpg,https://ecomplmvpprodwebblob0.blob.core.windows.net/zakupymvp/cache/product_list/product/21808198/01.jpg
275222,12010,Winiary,Fix,Winiary - Pomysł na…zapiekankę makaronową z serem,400696,275222,szt.,kg,0.047,47 g,https://ecomplmvpprodwebblob0.blob.core.windows.net/zakupymvp/cache/product_medium/product/23795322/00.jpg,https://ecomplmvpprodwebblob0.blob.core.windows.net/zakupymvp/cache/product_medium/product/23795322/00.jpg,https://ecomplmvpprodwebblob0.blob.core.windows.net/zakupymvp/cache/product_list/product/23795322/00.jpg
275246,12010,Winiary,Fix,Winiary - Pomysł na…zapiekankę makaronową z szynką,433492,275246,szt.,kg,0.035,40 g,https://ecomplmvpprodwebblob0.blob.core.windows.net/zakupymvp/cache/product_medium/product/21838699/00.jpg,https://ecomplmvpprodwebblob0.blob.core.windows.net/zakupymvp/cache/product_medium/product/21838699/00.jpg,https://ecomplmvpprodwebblob0.blob.core.windows.net/zakupymvp/cache/product_list/product/21838699/00.jpg
204629,12010,Kamis,Fix,Kamis - Fix Nuggetsy Klasyczne,768389,204629,szt.,kg,0.09,90 g,"https://ecomplmvpprodwebblob0.blob.core.windows.net/zakupymvp/cache/product_medium/product/21895636/00.jpg,https://ecomplmvpprodwebblob0.blob.core.windows.net/zakupymvp/cache/product_medium/product/21895639/01.jpg",https://ecomplmvpprodwebblob0.blob.core.windows.net/zakupymvp/cache/product_medium/product/21895636/00.jpg,https://ecomplmvpprodwebblob0.blob.core.windows.net/zakupymvp/cache/product_list/product/21895636/00.jpg
274787,12010,Winiary,Fix,Winiary - Pomysł na Makaron spaghetti po bolońsku,169108,274787,szt.,kg,0.044,44 g,https://ecomplmvpprodwebblob0.blob.core.windows.net/zakupymvp/cache/product_medium/product/22865088/00.jpg,https://ecomplmvpprodwebblob0.blob.core.windows.net/zakupymvp/cache/product_medium/product/22865088/00.jpg,https://ecomplmvpprodwebblob0.blob.core.windows.net/zakupymvp/cache/product_list/product/22865088/00.jpg
239536,12010,Knorr,Fix,Knorr - Fix do potraw chińskich,19181,239536,szt.,kg,0.039,39 g,https://ecomplmvpprodwebblob0.blob.core.windows.net/zakupymvp/cache/product_medium/product/23778516/00.jpg,https://ecomplmvpprodwebblob0.blob.core.windows.net/zakupymvp/cache/product_medium/product/23778516/00.jpg,https://ecomplmvpprodwebblob0.blob.core.windows.net/zakupymvp/cache/product_list/product/23778516/00.jpg
239539,12010,Knorr,Fix,Knorr - Fix spaghetti bolognese,19549,239539,szt.,kg,0.044,44 g,https://ecomplmvpprodwebblob0.blob.core.windows.net/zakupymvp/cache/product_medium/product/23779167/00.jpg,https://ecomplmvpprodwebblob0.blob.core.windows.net/zakupymvp/cache/product_medium/product/23779167/00.jpg,https://ecomplmvpprodwebblob0.blob.core.windows.net/zakupymvp/cache/product_list/product/23779167/00.jpg
238570,12010,Knorr,Fix,Knorr - Fix Spaghetti Napoli,20837,238570,szt.,kg,0.045,47 g,https://ecomplmvpprodwebblob0.blob.core.windows.net/zakupymvp/cache/product_medium/product/23780202/00.jpg,https://ecomplmvpprodwebblob0.blob.core.windows.net/zakupymvp/cache/product_medium/product/23780202/00.jpg,https://ecomplmvpprodwebblob0.blob.core.windows.net/zakupymvp/cache/product_list/product/23780202/00.jpg
179551,12010,Blue Dragon,Fix,"Blue Dragon - Skoncentrowany sos z soją, czosnkiem i imbirem.",366268,179551,szt.,kg,0.145,145 g,https://ecomplmvpprodwebblob0.blob.core.windows.net/zakupymvp/cache/product_medium/product/23791596/00.jpg,https://ecomplmvpprodwebblob0.blob.core.windows.net/zakupymvp/cache/product_medium/product/23791596/00.jpg,https://ecomplmvpprodwebblob0.blob.core.windows.net/zakupymvp/cache/product_list/product/23791596/00.jpg
206318,12010,Kanokwan,Fix,Kanokwan - Pasta Tom Kha,874551,206318,szt.,kg,0.05,50 g,https://ecomplmvpprodwebblob0.blob.core.windows.net/zakupymvp/cache/product_medium/product/23827842/00.jpg,https://ecomplmvpprodwebblob0.blob.core.windows.net/zakupymvp/cache/product_medium/product/23827842/00.jpg,https://ecomplmvpprodwebblob0.blob.core.windows.net/zakupymvp/cache/product_list/product/23827842/00.jpg
209156,12010,Kanokwan,Fix,Kanokwan - Pasta Pad Thai,994607,209156,szt.,kg,0.072,72 g,https://ecomplmvpprodwebblob0.blob.core.windows.net/zakupymvp/cache/product_medium/product/21949618/00.jpg,https://ecomplmvpprodwebblob0.blob.core.windows.net/zakupymvp/cache/product_medium/product/21949618/00.jpg,https://ecomplmvpprodwebblob0.blob.core.windows.net/zakupymvp/cache/product_list/product/21949618/00.jpg
235465,12010,Knorr,Fix,Knorr - Fix Klopsiki w sosie pomidorowym,989734,235465,szt.,kg,0.038,38 g,https://ecomplmvpprodwebblob0.blob.core.windows.net/zakupymvp/cache/product_medium/product/21947602/05.jpg,https://ecomplmvpprodwebblob0.blob.core.windows.net/zakupymvp/cache/product_medium/product/21947602/05.jpg,https://ecomplmvpprodwebblob0.blob.core.windows.net/zakupymvp/cache/product_list/product/21947602/05.jpg
235459,12010,Knorr,Fix,Knorr - Fix Natural Gulasz,989730,235459,szt.,kg,0.057,57 g,"https://ecomplmvpprodwebblob0.blob.core.windows.net/zakupymvp/cache/product_medium/product/23839581/00.jpg,https://ecomplmvpprodwebblob0.blob.core.windows.net/zakupymvp/cache/product_medium/product/23839584/01.jpg",https://ecomplmvpprodwebblob0.blob.core.windows.net/zakupymvp/cache/product_medium/product/23839581/00.jpg,https://ecomplmvpprodwebblob0.blob.core.windows.net/zakupymvp/cache/product_list/product/23839581/00.jpg
235468,12010,Knorr,Fix,Knorr - Fix Natural Kurczak w sosie śmietanowym,989741,235468,szt.,kg,0.042,42 g,https://ecomplmvpprodwebblob0.blob.core.windows.net/zakupymvp/cache/product_medium/product/21947605/05.jpg,https://ecomplmvpprodwebblob0.blob.core.windows.net/zakupymvp/cache/product_medium/product/21947605/05.jpg,https://ecomplmvpprodwebblob0.blob.core.windows.net/zakupymvp/cache/product_list/product/21947605/05.jpg
235456,12010,Knorr,Fix,Knorr - Fix Natural Lasagne,989727,235456,szt.,kg,0.043,43 g,"https://ecomplmvpprodwebblob0.blob.core.windows.net/zakupymvp/cache/product_medium/product/23839575/00.jpg,https://ecomplmvpprodwebblob0.blob.core.windows.net/zakupymvp/cache/product_medium/product/23839578/01.jpg",https://ecomplmvpprodwebblob0.blob.core.windows.net/zakupymvp/cache/product_medium/product/23839575/00.jpg,https://ecomplmvpprodwebblob0.blob.core.windows.net/zakupymvp/cache/product_list/product/23839575/00.jpg
235471,12010,Knorr,Fix,Knorr - Spaghetti Carbonara,989742,235471,szt.,kg,0.042,42 g,"https://ecomplmvpprodwebblob0.blob.core.windows.net/zakupymvp/cache/product_medium/product/23839593/00.jpg,https://ecomplmvpprodwebblob0.blob.core.windows.net/zakupymvp/cache/product_medium/product/23839596/01.jpg",https://ecomplmvpprodwebblob0.blob.core.windows.net/zakupymvp/cache/product_medium/product/23839593/00.jpg,https://ecomplmvpprodwebblob0.blob.core.windows.net/zakupymvp/cache/product_list/product/23839593/00.jpg
235462,12010,Knorr,Fix,Knorr - Fix Natural Spagetti bolognes,989731,235462,szt.,kg,0.038,38 g,"https://ecomplmvpprodwebblob0.blob.core.windows.net/zakupymvp/cache/product_medium/product/23839587/00.jpg,https://ecomplmvpprodwebblob0.blob.core.windows.net/zakupymvp/cache/product_medium/product/23839590/01.jpg",https://ecomplmvpprodwebblob0.blob.core.windows.net/zakupymvp/cache/product_medium/product/23839587/00.jpg,https://ecomplmvpprodwebblob0.blob.core.windows.net/zakupymvp/cache/product_list/product/23839587/00.jpg
173041,12010,Le PHare du Cap Bon,Fix,Le PHare du Cap Bon - Pasta Harissa,174297,173041,szt.,kg,0.07,70 g,https://ecomplmvpprodwebblob0.blob.core.windows.net/zakupymvp/cache/product_medium/product/21740332/01.jpg,https://ecomplmvpprodwebblob0.blob.core.windows.net/zakupymvp/cache/product_medium/product/21740332/01.jpg,https://ecomplmvpprodwebblob0.blob.core.windows.net/zakupymvp/cache/product_list/product/21740332/01.jpg
223559,12010,Knorr,Fix,Knorr - Fix chrupiące placki ziemniaczane ,88499,223559,szt.,kg,0.2,200 g,"https://ecomplmvpprodwebblob0.blob.core.windows.net/zakupymvp/cache/product_medium/product/23828634/00.jpg,https://ecomplmvpprodwebblob0.blob.core.windows.net/zakupymvp/cache/product_medium/product/23828637/01.jpg",https://ecomplmvpprodwebblob0.blob.core.windows.net/zakupymvp/cache/product_medium/product/23828634/00.jpg,https://ecomplmvpprodwebblob0.blob.core.windows.net/zakupymvp/cache/product_list/product/23828634/00.jpg
201227,12013,Kucharek,Pieczeniowe,Kucharek - Sos do pieczeni ciemny,631372,201227,szt.,kg,0.028,28 g,https://ecomplmvpprodwebblob0.blob.core.windows.net/zakupymvp/cache/product_medium/product/23808138/00.jpg,https://ecomplmvpprodwebblob0.blob.core.windows.net/zakupymvp/cache/product_medium/product/23808138/00.jpg,https://ecomplmvpprodwebblob0.blob.core.windows.net/zakupymvp/cache/product_list/product/23808138/00.jpg
201230,12013,Kucharek,Pieczeniowe,Kucharek - Sos do pieczeni jasny,631373,201230,szt.,kg,0.028,28 g,https://ecomplmvpprodwebblob0.blob.core.windows.net/zakupymvp/cache/product_medium/product/23808141/00.jpg,https://ecomplmvpprodwebblob0.blob.core.windows.net/zakupymvp/cache/product_medium/product/23808141/00.jpg,https://ecomplmvpprodwebblob0.blob.core.windows.net/zakupymvp/cache/product_list/product/23808141/00.jpg
201446,12013,Kucharek,Pieczeniowe,Kucharek - Sos pieczarkowy w proszku,641488,201446,szt.,kg,0.028,28 g,https://ecomplmvpprodwebblob0.blob.core.windows.net/zakupymvp/cache/product_medium/product/23739138/00.jpg,https://ecomplmvpprodwebblob0.blob.core.windows.net/zakupymvp/cache/product_medium/product/23739138/00.jpg,https://ecomplmvpprodwebblob0.blob.core.windows.net/zakupymvp/cache/product_list/product/23739138/00.jpg
174838,12013,Cykoria,Pieczeniowe,Cykoria - Koncentrat sosu w proszku,220019,174838,szt.,kg,0.03,30 g,https://ecomplmvpprodwebblob0.blob.core.windows.net/zakupymvp/cache/product_medium/product/22047622/00.jpg,https://ecomplmvpprodwebblob0.blob.core.windows.net/zakupymvp/cache/product_medium/product/22047622/00.jpg,https://ecomplmvpprodwebblob0.blob.core.windows.net/zakupymvp/cache/product_list/product/22047622/00.jpg
289798,12013,Winiary,Pieczeniowe,Winiary - Sos pieczeniowy jasny,136182,289798,szt.,kg,0.03,30 g,"https://ecomplmvpprodwebblob0.blob.core.windows.net/zakupymvp/cache/product_medium/product/23079684/00.jpg,https://ecomplmvpprodwebblob0.blob.core.windows.net/zakupymvp/cache/product_medium/product/23079687/1.jpg",https://ecomplmvpprodwebblob0.blob.core.windows.net/zakupymvp/cache/product_medium/product/23079684/00.jpg,https://ecomplmvpprodwebblob0.blob.core.windows.net/zakupymvp/cache/product_list/product/23079684/00.jpg
231553,12013,Winiary,Pieczeniowe,Winiary - Sos Pieczeniowy Ciemny,136181,231553,szt.,kg,0.03,30 g,https://ecomplmvpprodwebblob0.blob.core.windows.net/zakupymvp/cache/product_medium/product/23773536/00.jpg,https://ecomplmvpprodwebblob0.blob.core.windows.net/zakupymvp/cache/product_medium/product/23773536/00.jpg,https://ecomplmvpprodwebblob0.blob.core.windows.net/zakupymvp/cache/product_list/product/23773536/00.jpg
173740,12013,Auchan,Pieczeniowe,Auchan - Sauce Bechamel - Sos beszamelowy ze śmietanką w proszku,191588,173740,szt.,kg,0.054,54 g,https://ecomplmvpprodwebblob0.blob.core.windows.net/zakupymvp/cache/product_medium/product/21753658/01.jpg,https://ecomplmvpprodwebblob0.blob.core.windows.net/zakupymvp/cache/product_medium/product/21753658/01.jpg,https://ecomplmvpprodwebblob0.blob.core.windows.net/zakupymvp/cache/product_list/product/21753658/01.jpg
178927,12013,Knorr,Pieczeniowe,Knorr - Sos do pieczeni jasny,347866,178927,szt.,kg,0.025,25 g,https://ecomplmvpprodwebblob0.blob.core.windows.net/zakupymvp/cache/product_medium/product/21813646/00.jpg,https://ecomplmvpprodwebblob0.blob.core.windows.net/zakupymvp/cache/product_medium/product/21813646/00.jpg,https://ecomplmvpprodwebblob0.blob.core.windows.net/zakupymvp/cache/product_list/product/21813646/00.jpg
172846,12013,Łowicz,Pieczeniowe,Łowicz - Żurawina do mięs i serów,170590,172846,szt.,kg,0.23,230 g,"https://ecomplmvpprodwebblob0.blob.core.windows.net/zakupymvp/cache/product_medium/product/23706201/00.jpg,https://ecomplmvpprodwebblob0.blob.core.windows.net/zakupymvp/cache/product_medium/product/23706204/03.jpg",https://ecomplmvpprodwebblob0.blob.core.windows.net/zakupymvp/cache/product_medium/product/23706201/00.jpg,https://ecomplmvpprodwebblob0.blob.core.windows.net/zakupymvp/cache/product_list/product/23706201/00.jpg
177748,12013,Rolnik,Pieczeniowe,Rolnik - Żurawina cała,308755,177748,szt.,kg,0.3,300 g,"https://ecomplmvpprodwebblob0.blob.core.windows.net/zakupymvp/cache/product_medium/product/21800812/00.jpg,https://ecomplmvpprodwebblob0.blob.core.windows.net/zakupymvp/cache/product_medium/product/21800818/01.jpg",https://ecomplmvpprodwebblob0.blob.core.windows.net/zakupymvp/cache/product_medium/product/21800812/00.jpg,https://ecomplmvpprodwebblob0.blob.core.windows.net/zakupymvp/cache/product_list/product/21800812/00.jpg
177745,12013,Rolnik,Pieczeniowe,Rolnik - Borówka cała,308753,177745,szt.,kg,0.3,314 g,"https://ecomplmvpprodwebblob0.blob.core.windows.net/zakupymvp/cache/product_medium/product/21800803/00.jpg,https://ecomplmvpprodwebblob0.blob.core.windows.net/zakupymvp/cache/product_medium/product/21800809/01.jpg",https://ecomplmvpprodwebblob0.blob.core.windows.net/zakupymvp/cache/product_medium/product/21800803/00.jpg,https://ecomplmvpprodwebblob0.blob.core.windows.net/zakupymvp/cache/product_list/product/21800803/00.jpg
249949,12013,Cultured Foods,Pieczeniowe,Cultured Foods - Mieszanka na wegański ciemny sos pieczeniowy ,935594,249949,szt.,kg,0.15,150 g,https://ecomplmvpprodwebblob0.blob.core.windows.net/zakupymvp/cache/product_medium/product/23474070/00.jpg,https://ecomplmvpprodwebblob0.blob.core.windows.net/zakupymvp/cache/product_medium/product/23474070/00.jpg,https://ecomplmvpprodwebblob0.blob.core.windows.net/zakupymvp/cache/product_list/product/23474070/00.jpg
227561,12016,Dawtona,Pomidorowe,Dawtona - Sos pomidorowy z warzywami,610552,227561,szt.,kg,0.55,550 g ,https://ecomplmvpprodwebblob0.blob.core.windows.net/zakupymvp/cache/product_medium/product/23806653/00.jpg,https://ecomplmvpprodwebblob0.blob.core.windows.net/zakupymvp/cache/product_medium/product/23806653/00.jpg,https://ecomplmvpprodwebblob0.blob.core.windows.net/zakupymvp/cache/product_list/product/23806653/00.jpg
202097,12016,Auchan,Pomidorowe,Auchan - Sos pomidorowy z papryką i cebulą. średnio pikantny,663656,202097,szt.,kg,0.315,315 g,https://ecomplmvpprodwebblob0.blob.core.windows.net/zakupymvp/cache/product_medium/product/21875956/01.jpg,https://ecomplmvpprodwebblob0.blob.core.windows.net/zakupymvp/cache/product_medium/product/21875956/01.jpg,https://ecomplmvpprodwebblob0.blob.core.windows.net/zakupymvp/cache/product_list/product/21875956/01.jpg
176875,12016,Helcom,Pomidorowe,Helcom - Bruschetta pomidorowa mediolańska,282250,176875,szt.,kg,0.195,195 g,"https://ecomplmvpprodwebblob0.blob.core.windows.net/zakupymvp/cache/product_medium/product/21790765/00.jpg,https://ecomplmvpprodwebblob0.blob.core.windows.net/zakupymvp/cache/product_medium/product/21790768/01.jpg",https://ecomplmvpprodwebblob0.blob.core.windows.net/zakupymvp/cache/product_medium/product/21790765/00.jpg,https://ecomplmvpprodwebblob0.blob.core.windows.net/zakupymvp/cache/product_list/product/21790765/00.jpg
190552,12016,Cirio,Pomidorowe,Cirio - Sos pomidorowy. 100% włoskich pomidorów,442470,190552,szt.,kg,0.19,190 g,"https://ecomplmvpprodwebblob0.blob.core.windows.net/zakupymvp/cache/product_medium/product/23798148/01.jpg,https://ecomplmvpprodwebblob0.blob.core.windows.net/zakupymvp/cache/product_medium/product/23798151/03.jpg",https://ecomplmvpprodwebblob0.blob.core.windows.net/zakupymvp/cache/product_medium/product/23798148/01.jpg,https://ecomplmvpprodwebblob0.blob.core.windows.net/zakupymvp/cache/product_list/product/23798148/01.jpg
251215,12016,Barilla,Pomidorowe,Barilla - Sos Napoletana   ,379642,251215,szt.,kg,0.4,400 g,"https://ecomplmvpprodwebblob0.blob.core.windows.net/zakupymvp/cache/product_medium/product/22066744/00.jpg,https://ecomplmvpprodwebblob0.blob.core.windows.net/zakupymvp/cache/product_medium/product/22066747/01.jpg",https://ecomplmvpprodwebblob0.blob.core.windows.net/zakupymvp/cache/product_medium/product/22066744/00.jpg,https://ecomplmvpprodwebblob0.blob.core.windows.net/zakupymvp/cache/product_list/product/22066744/00.jpg
227696,12016,Pataks ,Pomidorowe,Pataks  - Kremowy sos pomidorowy na bazie śmietany i jogurtu ,630867,227696,szt.,kg,0.45,450 g,"https://ecomplmvpprodwebblob0.blob.core.windows.net/zakupymvp/cache/product_medium/product/21869407/00.jpg,https://ecomplmvpprodwebblob0.blob.core.windows.net/zakupymvp/cache/product_medium/product/21869410/01.jpg",https://ecomplmvpprodwebblob0.blob.core.windows.net/zakupymvp/cache/product_medium/product/21869407/00.jpg,https://ecomplmvpprodwebblob0.blob.core.windows.net/zakupymvp/cache/product_list/product/21869407/00.jpg
232219,12016,Pataks ,Pomidorowe,Pataks  - Kremowy sos pomidorowy z cebulą. migdałami i wędzoną papryką,630843,232219,szt.,kg,0.45,450 g,"https://ecomplmvpprodwebblob0.blob.core.windows.net/zakupymvp/cache/product_medium/product/21869386/00.jpg,https://ecomplmvpprodwebblob0.blob.core.windows.net/zakupymvp/cache/product_medium/product/21869389/01.jpg",https://ecomplmvpprodwebblob0.blob.core.windows.net/zakupymvp/cache/product_medium/product/21869386/00.jpg,https://ecomplmvpprodwebblob0.blob.core.windows.net/zakupymvp/cache/product_list/product/21869386/00.jpg
227693,12016,Pataks ,Pomidorowe,Pataks  - Kremowy sos pomidorowy z dodatkiem masła ,630861,227693,szt.,kg,0.45,450 g,"https://ecomplmvpprodwebblob0.blob.core.windows.net/zakupymvp/cache/product_medium/product/21869392/00.jpg,https://ecomplmvpprodwebblob0.blob.core.windows.net/zakupymvp/cache/product_medium/product/21869395/01.jpg",https://ecomplmvpprodwebblob0.blob.core.windows.net/zakupymvp/cache/product_medium/product/21869392/00.jpg,https://ecomplmvpprodwebblob0.blob.core.windows.net/zakupymvp/cache/product_list/product/21869392/00.jpg
251311,12016,Primo Gusto,Pomidorowe,Primo Gusto - Sos z grillowanymi warzywami,828682,251311,szt.,kg,0.35,350 g ,"https://ecomplmvpprodwebblob0.blob.core.windows.net/zakupymvp/cache/product_medium/product/23682291/00.jpg,https://ecomplmvpprodwebblob0.blob.core.windows.net/zakupymvp/cache/product_medium/product/23682294/01.jpg",https://ecomplmvpprodwebblob0.blob.core.windows.net/zakupymvp/cache/product_medium/product/23682291/00.jpg,https://ecomplmvpprodwebblob0.blob.core.windows.net/zakupymvp/cache/product_list/product/23682291/00.jpg
251308,12016,Primo Gusto,Pomidorowe,Primo Gusto - Sos z pomidorami i bazylią,828680,251308,szt.,kg,0.35,350 g ,"https://ecomplmvpprodwebblob0.blob.core.windows.net/zakupymvp/cache/product_medium/product/23823210/00.jpg,https://ecomplmvpprodwebblob0.blob.core.windows.net/zakupymvp/cache/product_medium/product/23823213/01.jpg",https://ecomplmvpprodwebblob0.blob.core.windows.net/zakupymvp/cache/product_medium/product/23823210/00.jpg,https://ecomplmvpprodwebblob0.blob.core.windows.net/zakupymvp/cache/product_list/product/23823210/00.jpg
229340,12016,Iris,Pomidorowe,Iris - Pulpa z pomidorów krojonych z bazylią BIO,907777,229340,szt.,kg,0.34,340 g,https://ecomplmvpprodwebblob0.blob.core.windows.net/zakupymvp/cache/product_medium/product/22524279/01.jpg,https://ecomplmvpprodwebblob0.blob.core.windows.net/zakupymvp/cache/product_medium/product/22524279/01.jpg,https://ecomplmvpprodwebblob0.blob.core.windows.net/zakupymvp/cache/product_list/product/22524279/01.jpg
176881,12016,Le Pepe,Pomidorowe,Le Pepe - Bruschetta Arrabbiata,282262,176881,szt.,kg,0.29,285 g,"https://ecomplmvpprodwebblob0.blob.core.windows.net/zakupymvp/cache/product_medium/product/23784957/01.jpg,https://ecomplmvpprodwebblob0.blob.core.windows.net/zakupymvp/cache/product_medium/product/23784960/03.jpg",https://ecomplmvpprodwebblob0.blob.core.windows.net/zakupymvp/cache/product_medium/product/23784957/01.jpg,https://ecomplmvpprodwebblob0.blob.core.windows.net/zakupymvp/cache/product_list/product/23784957/01.jpg
176878,12016,Le Pepe,Pomidorowe,Le Pepe - Bruschetta Siciliana,282261,176878,szt.,kg,0.29,285 g,"https://ecomplmvpprodwebblob0.blob.core.windows.net/zakupymvp/cache/product_medium/product/23784951/01.jpg,https://ecomplmvpprodwebblob0.blob.core.windows.net/zakupymvp/cache/product_medium/product/23784954/03.jpg",https://ecomplmvpprodwebblob0.blob.core.windows.net/zakupymvp/cache/product_medium/product/23784951/01.jpg,https://ecomplmvpprodwebblob0.blob.core.windows.net/zakupymvp/cache/product_list/product/23784951/01.jpg
174610,12016,LaSelva,Pomidorowe,LaSelva - Sos pomidorowy z warzywami,216943,174610,szt.,kg,0.34,340 g,"https://ecomplmvpprodwebblob0.blob.core.windows.net/zakupymvp/cache/product_medium/product/23780853/00.jpg,https://ecomplmvpprodwebblob0.blob.core.windows.net/zakupymvp/cache/product_medium/product/23780856/01.jpg",https://ecomplmvpprodwebblob0.blob.core.windows.net/zakupymvp/cache/product_medium/product/23780853/00.jpg,https://ecomplmvpprodwebblob0.blob.core.windows.net/zakupymvp/cache/product_list/product/23780853/00.jpg
289339,12016,Schedro,Pomidorowe,Schedro - Sos Chersoński,351299,289339,szt.,kg,0.48,480 g,https://ecomplmvpprodwebblob0.blob.core.windows.net/zakupymvp/cache/product_medium/product/23097033/00.jpg,https://ecomplmvpprodwebblob0.blob.core.windows.net/zakupymvp/cache/product_medium/product/23097033/00.jpg,https://ecomplmvpprodwebblob0.blob.core.windows.net/zakupymvp/cache/product_list/product/23097033/00.jpg
229358,12016,Mutti,Pomidorowe,Mutti -  Sos pomidorowy z bazylią,912652,229358,szt.,kg,0.4,400 g ,"https://ecomplmvpprodwebblob0.blob.core.windows.net/zakupymvp/cache/product_medium/product/23831556/00.jpg,https://ecomplmvpprodwebblob0.blob.core.windows.net/zakupymvp/cache/product_medium/product/23831559/01.jpg",https://ecomplmvpprodwebblob0.blob.core.windows.net/zakupymvp/cache/product_medium/product/23831556/00.jpg,https://ecomplmvpprodwebblob0.blob.core.windows.net/zakupymvp/cache/product_list/product/23831556/00.jpg
207275,12016,Mutti,Pomidorowe,Mutti - Sos pomidorowy z grilowanymi warzywami,912654,207275,szt.,kg,0.4,400 g,"https://ecomplmvpprodwebblob0.blob.core.windows.net/zakupymvp/cache/product_medium/product/23831565/00.jpg,https://ecomplmvpprodwebblob0.blob.core.windows.net/zakupymvp/cache/product_medium/product/23831568/01.jpg",https://ecomplmvpprodwebblob0.blob.core.windows.net/zakupymvp/cache/product_medium/product/23831565/00.jpg,https://ecomplmvpprodwebblob0.blob.core.windows.net/zakupymvp/cache/product_list/product/23831565/00.jpg
229361,12016,Mutti,Pomidorowe,Mutti - Sos pomidorowy z oliwkami ,912659,229361,szt.,kg,0.4,400 g ,"https://ecomplmvpprodwebblob0.blob.core.windows.net/zakupymvp/cache/product_medium/product/23831571/00.jpg,https://ecomplmvpprodwebblob0.blob.core.windows.net/zakupymvp/cache/product_medium/product/23831574/01.jpg",https://ecomplmvpprodwebblob0.blob.core.windows.net/zakupymvp/cache/product_medium/product/23831571/00.jpg,https://ecomplmvpprodwebblob0.blob.core.windows.net/zakupymvp/cache/product_list/product/23831571/00.jpg
229364,12016,Mutti,Pomidorowe,Mutti - Sos pomidorowy z papryczkami chilli ,912663,229364,szt.,kg,0.4,400 g ,"https://ecomplmvpprodwebblob0.blob.core.windows.net/zakupymvp/cache/product_medium/product/23831577/00.jpg,https://ecomplmvpprodwebblob0.blob.core.windows.net/zakupymvp/cache/product_medium/product/23831580/01.jpg",https://ecomplmvpprodwebblob0.blob.core.windows.net/zakupymvp/cache/product_medium/product/23831577/00.jpg,https://ecomplmvpprodwebblob0.blob.core.windows.net/zakupymvp/cache/product_list/product/23831577/00.jpg
207278,12016,Mutti,Pomidorowe,Mutti - Sos pomidorowy z serem Parmegiano Reggano,912665,207278,szt.,kg,0.4,400 g,"https://ecomplmvpprodwebblob0.blob.core.windows.net/zakupymvp/cache/product_medium/product/23831583/00.jpg,https://ecomplmvpprodwebblob0.blob.core.windows.net/zakupymvp/cache/product_medium/product/23831586/01.jpg",https://ecomplmvpprodwebblob0.blob.core.windows.net/zakupymvp/cache/product_medium/product/23831583/00.jpg,https://ecomplmvpprodwebblob0.blob.core.windows.net/zakupymvp/cache/product_list/product/23831583/00.jpg
225428,12019,Knorr,Myśliwski,Knorr - Sos myśliwski,18885,225428,szt.,kg,0.037,37 g,https://ecomplmvpprodwebblob0.blob.core.windows.net/zakupymvp/cache/product_medium/product/23778282/00.jpg,https://ecomplmvpprodwebblob0.blob.core.windows.net/zakupymvp/cache/product_medium/product/23778282/00.jpg,https://ecomplmvpprodwebblob0.blob.core.windows.net/zakupymvp/cache/product_list/product/23778282/00.jpg
249796,12019,Primavika,Myśliwski,Primavika - Roślinny sos myśliwski,896020,249796,szt.,kg,0.3,300 g,"https://ecomplmvpprodwebblob0.blob.core.windows.net/zakupymvp/cache/product_medium/product/22522977/00.jpg,https://ecomplmvpprodwebblob0.blob.core.windows.net/zakupymvp/cache/product_medium/product/22522980/01.jpg",https://ecomplmvpprodwebblob0.blob.core.windows.net/zakupymvp/cache/product_medium/product/22522977/00.jpg,https://ecomplmvpprodwebblob0.blob.core.windows.net/zakupymvp/cache/product_list/product/22522977/00.jpg
190177,12022,Winiary,Grzybowy,Winiary - Sos grzybowy,433484,190177,szt.,kg,0.028,34 g,https://ecomplmvpprodwebblob0.blob.core.windows.net/zakupymvp/cache/product_medium/product/23797308/00.jpg,https://ecomplmvpprodwebblob0.blob.core.windows.net/zakupymvp/cache/product_medium/product/23797308/00.jpg,https://ecomplmvpprodwebblob0.blob.core.windows.net/zakupymvp/cache/product_list/product/23797308/00.jpg
173965,12022,Knorr,Grzybowy,Knorr - Sos grzybowy,196941,173965,szt.,kg,0.024,24 g,https://ecomplmvpprodwebblob0.blob.core.windows.net/zakupymvp/cache/product_medium/product/23779260/00.jpg,https://ecomplmvpprodwebblob0.blob.core.windows.net/zakupymvp/cache/product_medium/product/23779260/00.jpg,https://ecomplmvpprodwebblob0.blob.core.windows.net/zakupymvp/cache/product_list/product/23779260/00.jpg
206759,12022,Łowicz,Grzybowy,Łowicz - Sos warzywno-pieczarkowy z podgrzybkiem,894828,206759,szt.,kg,0.5,500 g,"https://ecomplmvpprodwebblob0.blob.core.windows.net/zakupymvp/cache/product_medium/product/23829963/00.jpg,https://ecomplmvpprodwebblob0.blob.core.windows.net/zakupymvp/cache/product_medium/product/23829966/03.jpg",https://ecomplmvpprodwebblob0.blob.core.windows.net/zakupymvp/cache/product_medium/product/23829963/00.jpg,https://ecomplmvpprodwebblob0.blob.core.windows.net/zakupymvp/cache/product_list/product/23829963/00.jpg
225611,12022,Specialita Gastronomica,Grzybowy,Specialita Gastronomica - Sos grzybowy z prawdziwkami i truflami,219099,225611,szt.,kg,0.08,80 g,https://ecomplmvpprodwebblob0.blob.core.windows.net/zakupymvp/cache/product_medium/product/21768550/01.jpg,https://ecomplmvpprodwebblob0.blob.core.windows.net/zakupymvp/cache/product_medium/product/21768550/01.jpg,https://ecomplmvpprodwebblob0.blob.core.windows.net/zakupymvp/cache/product_list/product/21768550/01.jpg
176749,12025,Auchan,Do makaronu,Auchan - Sos do spaghetti,275682,176749,szt.,kg,0.52,520 g,https://ecomplmvpprodwebblob0.blob.core.windows.net/zakupymvp/cache/product_medium/product/21789913/01.jpg,https://ecomplmvpprodwebblob0.blob.core.windows.net/zakupymvp/cache/product_medium/product/21789913/01.jpg,https://ecomplmvpprodwebblob0.blob.core.windows.net/zakupymvp/cache/product_list/product/21789913/01.jpg
226334,12025,Dawtona,Do makaronu,Dawtona -  Sos pomidorowy klasyczny,359175,226334,szt.,kg,0.55,550 g ,"https://ecomplmvpprodwebblob0.blob.core.windows.net/zakupymvp/cache/product_medium/product/23790381/00.jpg,https://ecomplmvpprodwebblob0.blob.core.windows.net/zakupymvp/cache/product_medium/product/23790384/01.jpg",https://ecomplmvpprodwebblob0.blob.core.windows.net/zakupymvp/cache/product_medium/product/23790381/00.jpg,https://ecomplmvpprodwebblob0.blob.core.windows.net/zakupymvp/cache/product_list/product/23790381/00.jpg
189190,12025,Dawtona,Do makaronu,Dawtona - Sos boloński z ziołami,392713,189190,szt.,kg,0.55,550 g,"https://ecomplmvpprodwebblob0.blob.core.windows.net/zakupymvp/cache/product_medium/product/23794506/00.jpg,https://ecomplmvpprodwebblob0.blob.core.windows.net/zakupymvp/cache/product_medium/product/23794509/01.jpg",https://ecomplmvpprodwebblob0.blob.core.windows.net/zakupymvp/cache/product_medium/product/23794506/00.jpg,https://ecomplmvpprodwebblob0.blob.core.windows.net/zakupymvp/cache/product_list/product/23794506/00.jpg
226643,12025,Dawtona,Do makaronu,Dawtona - Sos neapolitański,425117,226643,szt.,kg,0.53,530 g ,"https://ecomplmvpprodwebblob0.blob.core.windows.net/zakupymvp/cache/product_medium/product/23796900/00.jpg,https://ecomplmvpprodwebblob0.blob.core.windows.net/zakupymvp/cache/product_medium/product/23796903/01.jpg",https://ecomplmvpprodwebblob0.blob.core.windows.net/zakupymvp/cache/product_medium/product/23796900/00.jpg,https://ecomplmvpprodwebblob0.blob.core.windows.net/zakupymvp/cache/product_list/product/23796900/00.jpg
226733,12025,Dawtona,Do makaronu,Dawtona - Sos pomidorowy ze śmietaną,447577,226733,szt.,kg,0.55,550 g ,"https://ecomplmvpprodwebblob0.blob.core.windows.net/zakupymvp/cache/product_medium/product/23247816/00.jpg,https://ecomplmvpprodwebblob0.blob.core.windows.net/zakupymvp/cache/product_medium/product/23247819/01.jpg",https://ecomplmvpprodwebblob0.blob.core.windows.net/zakupymvp/cache/product_medium/product/23247816/00.jpg,https://ecomplmvpprodwebblob0.blob.core.windows.net/zakupymvp/cache/product_list/product/23247816/00.jpg
204170,12025,Łowicz,Do makaronu,Łowicz - Sos boloński,737705,204170,szt.,kg,0.5,500 g,"https://ecomplmvpprodwebblob0.blob.core.windows.net/zakupymvp/cache/product_medium/product/23817108/00.jpg,https://ecomplmvpprodwebblob0.blob.core.windows.net/zakupymvp/cache/product_medium/product/23817111/03.jpg",https://ecomplmvpprodwebblob0.blob.core.windows.net/zakupymvp/cache/product_medium/product/23817108/00.jpg,https://ecomplmvpprodwebblob0.blob.core.windows.net/zakupymvp/cache/product_list/product/23817108/00.jpg
179092,12025,Łowicz,Do makaronu,Łowicz - Sos spaghetti,354758,179092,szt.,kg,0.5,500 g,"https://ecomplmvpprodwebblob0.blob.core.windows.net/zakupymvp/cache/product_medium/product/23789988/00.jpg,https://ecomplmvpprodwebblob0.blob.core.windows.net/zakupymvp/cache/product_medium/product/23789991/03.jpg",https://ecomplmvpprodwebblob0.blob.core.windows.net/zakupymvp/cache/product_medium/product/23789988/00.jpg,https://ecomplmvpprodwebblob0.blob.core.windows.net/zakupymvp/cache/product_list/product/23789988/00.jpg
229346,12025,Dary Natury,Do makaronu,Dary Natury - Ekologiczny sos do spaghetti,911270,229346,szt.,kg,0.55,550 g,"https://ecomplmvpprodwebblob0.blob.core.windows.net/zakupymvp/cache/product_medium/product/23831427/00.jpg,https://ecomplmvpprodwebblob0.blob.core.windows.net/zakupymvp/cache/product_medium/product/23831430/01.jpg",https://ecomplmvpprodwebblob0.blob.core.windows.net/zakupymvp/cache/product_medium/product/23831427/00.jpg,https://ecomplmvpprodwebblob0.blob.core.windows.net/zakupymvp/cache/product_list/product/23831427/00.jpg
171082,12028,Firma Roleski,Ostre,Firma Roleski - Sos chrzanowy,10858,171082,szt.,l,0.24,240 ml,"https://ecomplmvpprodwebblob0.blob.core.windows.net/zakupymvp/cache/product_medium/product/23700807/00.jpg,https://ecomplmvpprodwebblob0.blob.core.windows.net/zakupymvp/cache/product_medium/product/23700810/01.jpg",https://ecomplmvpprodwebblob0.blob.core.windows.net/zakupymvp/cache/product_medium/product/23700807/00.jpg,https://ecomplmvpprodwebblob0.blob.core.windows.net/zakupymvp/cache/product_list/product/23700807/00.jpg
226205,12028,Blue Dragon,Ostre,Blue Dragon - Słodko-ostry sos stir-fry z chilli. czosnkiem i białym octem ryżowym,326993,226205,szt.,kg,0.12,120 g,https://ecomplmvpprodwebblob0.blob.core.windows.net/zakupymvp/cache/product_medium/product/21808294/00.jpg,https://ecomplmvpprodwebblob0.blob.core.windows.net/zakupymvp/cache/product_medium/product/21808294/00.jpg,https://ecomplmvpprodwebblob0.blob.core.windows.net/zakupymvp/cache/product_list/product/21808294/00.jpg
198917,12028,Develey,Ostre,Develey - Sos Chilli do mięs,529570,198917,szt.,l,0.2,200 ml,https://ecomplmvpprodwebblob0.blob.core.windows.net/zakupymvp/cache/product_medium/product/23803725/01.jpg,https://ecomplmvpprodwebblob0.blob.core.windows.net/zakupymvp/cache/product_medium/product/23803725/01.jpg,https://ecomplmvpprodwebblob0.blob.core.windows.net/zakupymvp/cache/product_list/product/23803725/01.jpg
277640,12028,Veres,Ostre,Veres - Sos Adżyka Po kaukasku ostry,703621,277640,szt.,kg,0.13,130 g,https://ecomplmvpprodwebblob0.blob.core.windows.net/zakupymvp/cache/product_medium/product/23124657/05.jpg,https://ecomplmvpprodwebblob0.blob.core.windows.net/zakupymvp/cache/product_medium/product/23124657/05.jpg,https://ecomplmvpprodwebblob0.blob.core.windows.net/zakupymvp/cache/product_list/product/23124657/05.jpg
176902,12028,Auchan,Ostre,Auchan - Sos meksykański,282919,176902,szt.,kg,0.52,520 g,https://ecomplmvpprodwebblob0.blob.core.windows.net/zakupymvp/cache/product_medium/product/23016150/01.jpg,https://ecomplmvpprodwebblob0.blob.core.windows.net/zakupymvp/cache/product_medium/product/23016150/01.jpg,https://ecomplmvpprodwebblob0.blob.core.windows.net/zakupymvp/cache/product_list/product/23016150/01.jpg
189187,12028,Dawtona,Ostre,Dawtona - Sos meksykański do mięs,392706,189187,szt.,kg,0.55,550 g,"https://ecomplmvpprodwebblob0.blob.core.windows.net/zakupymvp/cache/product_medium/product/23794500/00.jpg,https://ecomplmvpprodwebblob0.blob.core.windows.net/zakupymvp/cache/product_medium/product/23794503/01.jpg",https://ecomplmvpprodwebblob0.blob.core.windows.net/zakupymvp/cache/product_medium/product/23794500/00.jpg,https://ecomplmvpprodwebblob0.blob.core.windows.net/zakupymvp/cache/product_list/product/23794500/00.jpg
189994,12028,Dawtona,Ostre,Dawtona - Sos węgierski z pieczarkami,425116,189994,szt.,kg,0.53,530 g,"https://ecomplmvpprodwebblob0.blob.core.windows.net/zakupymvp/cache/product_medium/product/23796894/00.jpg,https://ecomplmvpprodwebblob0.blob.core.windows.net/zakupymvp/cache/product_medium/product/23796897/01.jpg",https://ecomplmvpprodwebblob0.blob.core.windows.net/zakupymvp/cache/product_medium/product/23796894/00.jpg,https://ecomplmvpprodwebblob0.blob.core.windows.net/zakupymvp/cache/product_list/product/23796894/00.jpg
277136,12028,Schedro,Ostre,Schedro - Sos Mango Chili,351249,277136,szt.,kg,0.2,200 g,https://ecomplmvpprodwebblob0.blob.core.windows.net/zakupymvp/cache/product_medium/product/23097024/00.jpg,https://ecomplmvpprodwebblob0.blob.core.windows.net/zakupymvp/cache/product_medium/product/23097024/00.jpg,https://ecomplmvpprodwebblob0.blob.core.windows.net/zakupymvp/cache/product_list/product/23097024/00.jpg
189910,12028,BEPEC,Ostre,Bepec - Sos Sacebeli,420830,189910,szt.,kg,0.215,215 g,https://ecomplmvpprodwebblob0.blob.core.windows.net/zakupymvp/cache/product_medium/product/23104620/01.jpg,https://ecomplmvpprodwebblob0.blob.core.windows.net/zakupymvp/cache/product_medium/product/23104620/01.jpg,https://ecomplmvpprodwebblob0.blob.core.windows.net/zakupymvp/cache/product_list/product/23104620/01.jpg
175162,12028,Vifon,Ostre,Vifon - Sos chili pikantny,22908,175162,szt.,l,0.1,100 ml,https://ecomplmvpprodwebblob0.blob.core.windows.net/zakupymvp/cache/product_medium/product/21774145/00.jpg,https://ecomplmvpprodwebblob0.blob.core.windows.net/zakupymvp/cache/product_medium/product/21774145/00.jpg,https://ecomplmvpprodwebblob0.blob.core.windows.net/zakupymvp/cache/product_list/product/21774145/00.jpg
204173,12028,Łowicz,Ostre,Łowicz - Sos meksykański,737711,204173,szt.,kg,0.5,500 g,"https://ecomplmvpprodwebblob0.blob.core.windows.net/zakupymvp/cache/product_medium/product/23817114/00.jpg,https://ecomplmvpprodwebblob0.blob.core.windows.net/zakupymvp/cache/product_medium/product/23817117/03.jpg",https://ecomplmvpprodwebblob0.blob.core.windows.net/zakupymvp/cache/product_medium/product/23817114/00.jpg,https://ecomplmvpprodwebblob0.blob.core.windows.net/zakupymvp/cache/product_list/product/23817114/00.jpg
175147,12028,Tao Tao,Ostre,Tao Tao - Słodki sos chili,22850,175147,szt.,kg,0.2,200 g,https://ecomplmvpprodwebblob0.blob.core.windows.net/zakupymvp/cache/product_medium/product/21773593/00.jpg,https://ecomplmvpprodwebblob0.blob.core.windows.net/zakupymvp/cache/product_medium/product/21773593/00.jpg,https://ecomplmvpprodwebblob0.blob.core.windows.net/zakupymvp/cache/product_list/product/21773593/00.jpg
175183,12028,Tao Tao,Ostre,Tao Tao - Słodko-pikantny sos chili,23080,175183,szt.,kg,0.2,200 g,https://ecomplmvpprodwebblob0.blob.core.windows.net/zakupymvp/cache/product_medium/product/21775339/00.jpg,https://ecomplmvpprodwebblob0.blob.core.windows.net/zakupymvp/cache/product_medium/product/21775339/00.jpg,https://ecomplmvpprodwebblob0.blob.core.windows.net/zakupymvp/cache/product_list/product/21775339/00.jpg
202949,12028,Tao Tao,Ostre,Tao Tao - Sos chili czosnkowy,691564,202949,szt.,kg,0.2,200 g,https://ecomplmvpprodwebblob0.blob.core.windows.net/zakupymvp/cache/product_medium/product/21880789/00.jpg,https://ecomplmvpprodwebblob0.blob.core.windows.net/zakupymvp/cache/product_medium/product/21880789/00.jpg,https://ecomplmvpprodwebblob0.blob.core.windows.net/zakupymvp/cache/product_list/product/21880789/00.jpg
289162,12028,Tao Tao,Ostre,Tao Tao - Sos cytrynowy z chili,17884,289162,szt.,kg,0.2,175 ml,"https://ecomplmvpprodwebblob0.blob.core.windows.net/zakupymvp/cache/product_medium/product/21744757/00.jpg,https://ecomplmvpprodwebblob0.blob.core.windows.net/zakupymvp/cache/product_medium/product/21744763/1.jpg",https://ecomplmvpprodwebblob0.blob.core.windows.net/zakupymvp/cache/product_medium/product/21744757/00.jpg,https://ecomplmvpprodwebblob0.blob.core.windows.net/zakupymvp/cache/product_list/product/21744757/00.jpg
289054,12028,Tao Tao,Ostre,Tao Tao - Sos pomidorowy z chilli,12231,289054,szt.,kg,0.2,175 ml,"https://ecomplmvpprodwebblob0.blob.core.windows.net/zakupymvp/cache/product_medium/product/23078361/01.jpg,https://ecomplmvpprodwebblob0.blob.core.windows.net/zakupymvp/cache/product_medium/product/23078364/05.jpg",https://ecomplmvpprodwebblob0.blob.core.windows.net/zakupymvp/cache/product_medium/product/23078361/01.jpg,https://ecomplmvpprodwebblob0.blob.core.windows.net/zakupymvp/cache/product_list/product/23078361/01.jpg
286067,12028,Fanex,Ostre,Fanex - Sos meksykański  ,816302,286067,szt.,kg,0.45,450 g ,https://ecomplmvpprodwebblob0.blob.core.windows.net/zakupymvp/cache/product_medium/product/23822553/00.jpg,https://ecomplmvpprodwebblob0.blob.core.windows.net/zakupymvp/cache/product_medium/product/23822553/00.jpg,https://ecomplmvpprodwebblob0.blob.core.windows.net/zakupymvp/cache/product_list/product/23822553/00.jpg
228542,12028,Heinz,Ostre,Heinz - Sos zimny z mango i curry,7907,228542,szt.,l,0.22,220 ml,https://ecomplmvpprodwebblob0.blob.core.windows.net/zakupymvp/cache/product_medium/product/23457519/01.jpg,https://ecomplmvpprodwebblob0.blob.core.windows.net/zakupymvp/cache/product_medium/product/23457519/01.jpg,https://ecomplmvpprodwebblob0.blob.core.windows.net/zakupymvp/cache/product_list/product/23457519/01.jpg
226076,12028,Cantina Mexicana,Ostre,Cantina Mexicana - Sos z zielonej papryki jalapeno,313955,226076,szt.,l,0.06,60 ml,https://ecomplmvpprodwebblob0.blob.core.windows.net/zakupymvp/cache/product_medium/product/23094612/05.jpg,https://ecomplmvpprodwebblob0.blob.core.windows.net/zakupymvp/cache/product_medium/product/23094612/05.jpg,https://ecomplmvpprodwebblob0.blob.core.windows.net/zakupymvp/cache/product_list/product/23094612/05.jpg
241648,12028,Suree,Ostre,Suree - Sos słodkie chilli bez cukru,35100,241648,szt.,l,0.15,150 ml,https://ecomplmvpprodwebblob0.blob.core.windows.net/zakupymvp/cache/product_medium/product/23097003/05.jpg,https://ecomplmvpprodwebblob0.blob.core.windows.net/zakupymvp/cache/product_medium/product/23097003/05.jpg,https://ecomplmvpprodwebblob0.blob.core.windows.net/zakupymvp/cache/product_list/product/23097003/05.jpg
228152,12028,Suree Brand,Ostre,Suree Brand - Seafood Chilli Sauce,698821,228152,szt.,l,0.15,150 ml,https://ecomplmvpprodwebblob0.blob.core.windows.net/zakupymvp/cache/product_medium/product/23123763/00.jpg,https://ecomplmvpprodwebblob0.blob.core.windows.net/zakupymvp/cache/product_medium/product/23123763/00.jpg,https://ecomplmvpprodwebblob0.blob.core.windows.net/zakupymvp/cache/product_list/product/23123763/00.jpg
203300,12028,Suree Brand,Ostre,Suree Brand - Słodki Sos Chilli SEREE z ananasem,698812,203300,szt.,l,0.15,150 ml,https://ecomplmvpprodwebblob0.blob.core.windows.net/zakupymvp/cache/product_medium/product/23123739/00.jpg,https://ecomplmvpprodwebblob0.blob.core.windows.net/zakupymvp/cache/product_medium/product/23123739/00.jpg,https://ecomplmvpprodwebblob0.blob.core.windows.net/zakupymvp/cache/product_list/product/23123739/00.jpg
203291,12028,Suree Brand,Ostre,Suree Brand - Sweet Chilli Dipping Sauce,698808,203291,szt.,l,0.15,150 ml,https://ecomplmvpprodwebblob0.blob.core.windows.net/zakupymvp/cache/product_medium/product/23123730/00.jpg,https://ecomplmvpprodwebblob0.blob.core.windows.net/zakupymvp/cache/product_medium/product/23123730/00.jpg,https://ecomplmvpprodwebblob0.blob.core.windows.net/zakupymvp/cache/product_list/product/23123730/00.jpg
178993,12028,Akethai,Ostre,Akethai - Słodki Sos Chilli,35153,178993,szt.,kg,0.178,178 g,https://ecomplmvpprodwebblob0.blob.core.windows.net/zakupymvp/cache/product_medium/product/23097060/05.jpg,https://ecomplmvpprodwebblob0.blob.core.windows.net/zakupymvp/cache/product_medium/product/23097060/05.jpg,https://ecomplmvpprodwebblob0.blob.core.windows.net/zakupymvp/cache/product_list/product/23097060/05.jpg
177916,12028,Cantina Mexicana,Ostre,Cantina Mexicana - Sos taco pikantny,313956,177916,szt.,l,0.237,237 ml,https://ecomplmvpprodwebblob0.blob.core.windows.net/zakupymvp/cache/product_medium/product/23094615/00.jpg,https://ecomplmvpprodwebblob0.blob.core.windows.net/zakupymvp/cache/product_medium/product/23094615/00.jpg,https://ecomplmvpprodwebblob0.blob.core.windows.net/zakupymvp/cache/product_list/product/23094615/00.jpg
174982,12028,House of Asia,Ostre,House of Asia - Sambal Oelek,222249,174982,szt.,kg,0.24,240 g,"https://ecomplmvpprodwebblob0.blob.core.windows.net/zakupymvp/cache/product_medium/product/22940901/00.jpg,https://ecomplmvpprodwebblob0.blob.core.windows.net/zakupymvp/cache/product_medium/product/22940904/01.jpg",https://ecomplmvpprodwebblob0.blob.core.windows.net/zakupymvp/cache/product_medium/product/22940901/00.jpg,https://ecomplmvpprodwebblob0.blob.core.windows.net/zakupymvp/cache/product_list/product/22940901/00.jpg
191731,12028,Veres,Ostre,Veres - Przekąska ostra,476852,191731,szt.,kg,0.5,500 g,https://ecomplmvpprodwebblob0.blob.core.windows.net/zakupymvp/cache/product_medium/product/23108295/01.jpg,https://ecomplmvpprodwebblob0.blob.core.windows.net/zakupymvp/cache/product_medium/product/23108295/01.jpg,https://ecomplmvpprodwebblob0.blob.core.windows.net/zakupymvp/cache/product_list/product/23108295/01.jpg
206828,12028,Frank's,Ostre,Frank's - RedHot Original - Sos chilli,896843,206828,szt.,l,0.148,148 ml,https://ecomplmvpprodwebblob0.blob.core.windows.net/zakupymvp/cache/product_medium/product/23830182/00.jpg,https://ecomplmvpprodwebblob0.blob.core.windows.net/zakupymvp/cache/product_medium/product/23830182/00.jpg,https://ecomplmvpprodwebblob0.blob.core.windows.net/zakupymvp/cache/product_list/product/23830182/00.jpg
206831,12028,Frank's,Ostre,Frank's - RedHot Xtra Sos chilli - bardzo ostry,896893,206831,szt.,l,0.148,148 ml,https://ecomplmvpprodwebblob0.blob.core.windows.net/zakupymvp/cache/product_medium/product/23830200/00.jpg,https://ecomplmvpprodwebblob0.blob.core.windows.net/zakupymvp/cache/product_medium/product/23830200/00.jpg,https://ecomplmvpprodwebblob0.blob.core.windows.net/zakupymvp/cache/product_list/product/23830200/00.jpg
226001,12028,Real Thai,Ostre,Real Thai - Tajski sos do sajgonek ,29691,226001,szt.,l,0.2,200 ml,https://ecomplmvpprodwebblob0.blob.core.windows.net/zakupymvp/cache/product_medium/product/23092995/01.jpg,https://ecomplmvpprodwebblob0.blob.core.windows.net/zakupymvp/cache/product_medium/product/23092995/01.jpg,https://ecomplmvpprodwebblob0.blob.core.windows.net/zakupymvp/cache/product_list/product/23092995/01.jpg
178879,12028,Cantina Mexicana,Ostre,Cantina Mexicana - Sos do tortilli typu salsa pikantny,34366,178879,szt.,kg,0.19,190 g,https://ecomplmvpprodwebblob0.blob.core.windows.net/zakupymvp/cache/product_medium/product/23096775/00.jpg,https://ecomplmvpprodwebblob0.blob.core.windows.net/zakupymvp/cache/product_medium/product/23096775/00.jpg,https://ecomplmvpprodwebblob0.blob.core.windows.net/zakupymvp/cache/product_list/product/23096775/00.jpg
